{"cameraMode":{"drawMode":2,"name":"Shaded Wireframe","section":"Shading Mode"},"sceneLighting":true,"audioPlay":false,"sceneViewState":{"m_AlwaysRefresh":false,"showFog":true,"showSkybox":true,"showFlares":true,"showImageEffects":true,"showParticleSystems":true,"showVisualEffectGraphs":true,"m_FxEnabled":true},"in2DMode":false,"pivot":{"x":0.019209831953048707,"y":0.834059476852417,"z":0.010738193988800049},"rotation":{"x":0.018027106299996377,"y":-0.9562298059463501,"z":0.06032233312726021,"w":0.28576627373695376},"size":1.159711241722107,"orthographic":false}